{
    "IDAC": {
        "CE_COL_AP_IBIASN": [
            0.0189,
            1.79,
            670
        ],
        "CE_MAT_AP_IBIAS4SF_DP_IBIASF": [
            0.37996,
            50.38,
            10000
        ],
        "CE_PMOS_AP_DP_IRESET": [
            3.2e-05,
            0.0,
            2.0
        ],
        "AP_IBIASP_DP_IDB": [
            0.0158,
            1.14,
            450
        ],
        "AP_IBIAS3_DP_IBIAS": [
            0.1186,
            3.79,
            1500
        ]
    },
    "VDAC": {
        "AP_SEL0": [
            0.03804,
            4.71,
            1200
        ],
        "AP_SEL1": [
            0.03806,
            0.1,
            1200
        ],
        "AP_VRESET": [
            0.03809,
            3.6,
            1200
        ],
        "CE_VOFFSET_AP_DP_VH": [
            0.03808,
            3.96,
            1200
        ],
        "AP_VCASP_MUX0_DP_VCASB": [
            0.03805,
            1.61,
            1200
        ],
        "AP_VCASN_MUX1_DP_VCASN": [
            0.03807,
            3.06,
            1200
        ]
    }
}