{
    "IDAC": {
        "CE_COL_AP_IBIASN":             [0.0189,    2.18,   650  ],
        "CE_MAT_AP_IBIAS4SF_DP_IBIASF": [0.37942,  10.93,  10000 ],
        "CE_PMOS_AP_DP_IRESET":         [3.2e-05,   0.00,     2.0],
        "AP_IBIASP_DP_IDB":             [0.0159,    0.35,   450  ],
        "AP_IBIAS3_DP_IBIAS":           [0.1186,    4.11,  1600  ]
    },
    "VDAC": {
        "AP_SEL0":                      [0.03804,  -0.15,  1200  ],
        "AP_SEL1":                      [0.03808,   3.01,  1200  ],
        "AP_VRESET":                    [0.03816,   1.71,  1200  ],
        "CE_VOFFSET_AP_DP_VH":          [0.03813,   1.81,  1200  ],
        "AP_VCASP_MUX0_DP_VCASB":       [0.03814,   3.93,  1200  ],
        "AP_VCASN_MUX1_DP_VCASN":       [0.03813,   1.91,  1200  ]
    }
}
