{
    "IDAC": {
        "CE_COL_AP_IBIASN":             [0.0190,    0.58,   670  ],
        "CE_MAT_AP_IBIAS4SF_DP_IBIASF": [0.38045,  -5.23,  10000 ],
        "CE_PMOS_AP_DP_IRESET":         [3.2e-05,   0.00,     2.0],
        "AP_IBIASP_DP_IDB":             [0.0158,    1.86,   450  ],
        "AP_IBIAS3_DP_IBIAS":           [0.1194,    3.35,  1500  ]
    },
    "VDAC": {
        "AP_SEL0":                      [0.03800,   2.42,  1200  ],
        "AP_SEL1":                      [0.03803,   4.62,  1200  ],
        "AP_VRESET":                    [0.03810,   4.08,  1200  ],
        "CE_VOFFSET_AP_DP_VH":          [0.03808,   1.17,  1200  ],
        "AP_VCASP_MUX0_DP_VCASB":       [0.03809,   5.65,  1200  ],
        "AP_VCASN_MUX1_DP_VCASN":       [0.03811,   0.33,  1200  ]
    }
}
