{
    "IDAC": {
        "CE_COL_AP_IBIASN":             [0.0190,    1.16,   650  ],
        "CE_MAT_AP_IBIAS4SF_DP_IBIASF": [0.38006,  66.26,  10860 ],
        "CE_PMOS_AP_DP_IRESET":         [3.2e-05,   0.00,     2.0],
        "AP_IBIASP_DP_IDB":             [0.0159,    1.03,   400  ],
        "AP_IBIAS3_DP_IBIAS":           [0.1189,    13.94,  1650  ]
    },
    "VDAC": {
        "AP_SEL0":                      [0.03799,   0.30,  1200  ],
        "AP_SEL1":                      [0.03803,   2.97,  1200  ],
        "AP_VRESET":                    [0.03810,   4.19,  1200  ],
        "CE_VOFFSET_AP_DP_VH":          [0.03806,   0.04,  1200  ],
        "AP_VCASP_MUX0_DP_VCASB":       [0.03806,   3.51,  1200  ],
        "AP_VCASN_MUX1_DP_VCASN":       [0.03810,   6.57,  1200  ]
    }
}
