{
    "IDAC": {
        "CE_COL_AP_IBIASN":             [0.0183,    2.06,   660  ],
        "CE_MAT_AP_IBIAS4SF_DP_IBIASF": [0.38053, -36.17, 10000  ],
        "CE_PMOS_AP_DP_IRESET":         [0.000033,  0.00,     1.6],
        "AP_IBIASP_DP_IDB":             [0.0156,    1.12,   460  ],
        "AP_IBIAS3_DP_IBIAS":           [0.0119,    0.39,   560  ]
    },
    "VDAC": { 
        "AP_SEL0":                      [0.03804,  -0.05,  1200  ],
        "AP_SEL1":                      [0.03804,   4.74,  1200  ],
        "AP_VRESET":                    [0.03809,   0.87,  1200  ],
        "CE_VOFFSET_AP_DP_VH":          [0.03811,   1.30,  1200  ],
        "AP_VCASP_MUX0_DP_VCASB":       [0.03810,   5.45,  1200  ],
        "AP_VCASN_MUX1_DP_VCASN":       [0.03807,   4.15,  1200  ]
    }
}
