{
    "IDAC": {
        "CE_COL_AP_IBIASN":             [0.0187,    3.35,   660  ],
        "CE_MAT_AP_IBIAS4SF_DP_IBIASF": [0.38124,  17.85, 10000  ],
        "CE_PMOS_AP_DP_IRESET":         [3.1e-05,   0.01,     1.6],
        "AP_IBIASP_DP_IDB":             [0.0158,    0.94,   500  ],
        "AP_IBIAS3_DP_IBIAS":           [0.0119,    1.43,   620  ]
    },
    "VDAC": {
        "AP_SEL0":                      [0.03805,   1.87,  1200  ],
        "AP_SEL1":                      [0.03803,   2.10,  1200  ],
        "AP_VRESET":                    [0.03817,   1.56,  1200  ],
        "CE_VOFFSET_AP_DP_VH":          [0.03812,   3.07,  1200  ],
        "AP_VCASP_MUX0_DP_VCASB":       [0.03807,   1.95,  1200  ],
        "AP_VCASN_MUX1_DP_VCASN":       [0.03809,  -0.67,  1200  ]
    }
}
