{
    "IDAC": {
        "CE_COL_AP_IBIASN":             [0.0191,    1.11,   660  ],
        "CE_MAT_AP_IBIAS4SF_DP_IBIASF": [0.38065,  41.38, 10000  ],
        "CE_PMOS_AP_DP_IRESET":         [0.000032,  0.00,     2.0],
        "AP_IBIASP_DP_IDB":             [0.0159,    0.53,   460  ],
        "AP_IBIAS3_DP_IBIAS":           [0.0119,    0.02,   560  ]
    },
    "VDAC": {
        "AP_SEL0":                      [0.03802,   5.34,  1200  ],
        "AP_SEL1":                      [0.03805,  -0.82,  1200  ],
        "AP_VRESET":                    [0.03814,   0.73,  1200  ],
        "CE_VOFFSET_AP_DP_VH":          [0.03814,   4.39,  1200  ],
        "AP_VCASP_MUX0_DP_VCASB":       [0.03807,   5.14,  1200  ],
        "AP_VCASN_MUX1_DP_VCASN":       [0.03811,   1.19,  1200  ]
    }
}