{
    "IDAC": {
        "CE_COL_AP_IBIASN":             [0.06775,   0.87,  1200  ],
        "CE_MAT_AP_IBIAS4SF_DP_IBIASF": [0.6784,   70.25,  8500  ],
        "CE_PMOS_AP_DP_IRESET":         [0.000062,  0.00,     2.5],
        "AP_IBIASP_DP_IDB":             [0.0288,    0.19,  1300  ],
        "AP_IBIAS3_DP_IBIAS":           [0.05798,   3.05,  2600  ]
    },
    "VDAC": {
      	"AP_SEL0":                      [0.06768,   1.89,  1200],
      	"AP_SEL1":                      [0.06782,   2.18,  1200],
      	"AP_VRESET":                    [0.06884,   2.16,  1200],
      	"CE_VOFFSET_AP_DP_VH":          [0.06855,   4.44,  1200],
        "AP_VCASP_MUX0_DP_VCASB":       [0.06811,   3.17,  1200],
        "AP_VCASN_MUX1_DP_VCASN":       [0.06795,   2.34,  1200]
    }
}
