{
    "IDAC": {
        "CE_COL_AP_IBIASN":             [0.0189,    2.27,   670  ],
        "CE_MAT_AP_IBIAS4SF_DP_IBIASF": [0.38038,  16.55,  10700 ],
        "CE_PMOS_AP_DP_IRESET":         [3.2e-05,   0.00,     2.0],
        "AP_IBIASP_DP_IDB":             [0.0159,    0.36,   400  ],
        "AP_IBIAS3_DP_IBIAS":           [0.1187,    2.24,  1670  ]
    },
    "VDAC": {
        "AP_SEL0":                      [0.03806,   1.92,  1200  ],
        "AP_SEL1":                      [0.03808,  -0.16,  1200  ],
        "AP_VRESET":                    [0.03802,   5.06,  1200  ],
        "CE_VOFFSET_AP_DP_VH":          [0.03807,   0.86,  1200  ],
        "AP_VCASP_MUX0_DP_VCASB":       [0.03801,   5.07,  1200  ],
        "AP_VCASN_MUX1_DP_VCASN":       [0.03804,   3.80,  1200  ]
    }
}
