{
    "IDAC": {
        "CE_COL_AP_IBIASN":             [0.0191,    1.07,   630  ],
        "CE_MAT_AP_IBIAS4SF_DP_IBIASF": [0.38105,  29.94, 10000  ],
        "CE_PMOS_AP_DP_IRESET":         [0.000032,  0.00,   1.5  ],
        "AP_IBIASP_DP_IDB":             [0.0159,   -0.29,   430  ],
        "AP_IBIAS3_DP_IBIAS":           [0.0119,    0.64,   500  ],
        "AP_IBIAS4OPA_DP_IBIASN":       [0.09619,  11.02,  6000  ]
    },
    "VDAC": { 
        "AP_SEL0":                      [0.03804,   2.71,  1200  ],
        "AP_SEL1":                      [0.03809,   2.52,  1200  ],
        "AP_VRESET":                    [0.03811,   2.23,  1200  ],
        "CE_VOFFSET_AP_DP_VH":          [0.03810,   0.77,  1200  ],
        "AP_VCASP_MUX0_DP_VCASB":       [0.03806,   8.77,  1200  ],
        "AP_VCASN_MUX1_DP_VCASN":       [0.03809,  -0.63,  1200  ]
    }
}
