{
    "IDAC": {
        "CE_COL_AP_IBIASN":             [0.0191,    2.00,   670  ],
        "CE_MAT_AP_IBIAS4SF_DP_IBIASF": [0.38042,  25.23,  11030 ],
        "CE_PMOS_AP_DP_IRESET":         [3.2e-05,   0.00,     2.0],
        "AP_IBIASP_DP_IDB":             [0.0159,    0.52,   400  ],
        "AP_IBIAS3_DP_IBIAS":           [0.1187,   10.93,  1670  ]
    },
    "VDAC": {
        "AP_SEL0":                      [0.03811,   0.90,  1200  ],
        "AP_SEL1":                      [0.03815,   0.70,  1200  ],
        "AP_VRESET":                    [0.03803,   5.29,  1200  ],
        "CE_VOFFSET_AP_DP_VH":          [0.03801,   2.21,  1200  ],
        "AP_VCASP_MUX0_DP_VCASB":       [0.03800,   4.66,  1200  ],
        "AP_VCASN_MUX1_DP_VCASN":       [0.03803,   3.91,  1200  ]
    }
}
