{
    "IDAC": {
        "CE_COL_AP_IBIASN":             [0.0191,    1.61,   630  ],
        "CE_MAT_AP_IBIAS4SF_DP_IBIASF": [0.3812,  -11.86,  9400  ],
        "CE_PMOS_AP_DP_IRESET":         [0.000067,  0.01,     4.4],
        "AP_IBIASP_DP_IDB":             [0.0160,    0.78,   390  ],
        "AP_IBIAS3_DP_IBIAS":           [0.0119,   -0.06,   500  ],
        "AP_IBIAS4OPA_DP_IBIASN":       [0.09619,  11.02,  6000  ]
    },
    "VDAC": { 
        "AP_SEL0":                      [0.03807,   3.24,  1200  ],
        "AP_SEL1":                      [0.03809,   3.49,  1200  ],
        "AP_VRESET":                    [0.03808,  -0.99,  1200  ],
        "CE_VOFFSET_AP_DP_VH":          [0.03808,   2.04,  1200  ],
        "AP_VCASP_MUX0_DP_VCASB":       [0.03808,   3.63,  1200  ],
        "AP_VCASN_MUX1_DP_VCASN":       [0.03810,   3.49,  1200  ]
    }
}
