{
    "IDAC": {
        "CE_COL_AP_IBIASN":             [0.0190,    1.79,   670  ],
        "CE_MAT_AP_IBIAS4SF_DP_IBIASF": [0.37982,  46.29, 10000  ],
        "CE_PMOS_AP_DP_IRESET":         [3.2e-05,   0.00,     2.0],
        "AP_IBIASP_DP_IDB":             [0.0158,    1.24,   450  ],
        "AP_IBIAS3_DP_IBIAS":           [0.1192,   -0.34,  1500  ]
    },
    "VDAC": {
        "AP_SEL0":                      [0.03805,   7.13,  1200  ],
        "AP_SEL1":                      [0.03808,   9.90,  1200  ],
        "AP_VRESET":                    [0.03807,   2.70,  1200  ],
        "CE_VOFFSET_AP_DP_VH":          [0.03805,   1.46,  1200  ],
        "AP_VCASP_MUX0_DP_VCASB":       [0.03803,   8.14,  1200  ],
        "AP_VCASN_MUX1_DP_VCASN":       [0.03805,  -0.20,  1200  ]
    }
}
