{
    "IDAC": {
        "CE_COL_AP_IBIASN":             [0.06815,   0.65,  1200  ],
        "CE_MAT_AP_IBIAS4SF_DP_IBIASF": [0.679,    60.23,  8500  ],
        "CE_PMOS_AP_DP_IRESET":         [0.000061,  0.00,     2.5],
        "AP_IBIASP_DP_IDB":             [0.02841,   1.08,  1300  ],
        "AP_IBIAS3_DP_IBIAS":           [0.05696,  -0.59,  2600  ]
    },
    "VDAC": {
        "AP_SEL0":                      [0.06828,   8.31,  1200  ],
        "AP_SEL1":                      [0.06829,   1.82,  1200  ],
        "AP_VRESET":                    [0.06778,   3.95,  1200  ],
        "CE_VOFFSET_AP_DP_VH":          [0.06790,   3.76,  1200  ],
        "AP_VCASP_MUX0_DP_VCASB":       [0.06825,   2.42,  1200  ],
        "AP_VCASN_MUX1_DP_VCASN":       [0.06829,   2.23,  1200  ]
    }
}
