{
    "IDAC": {
        "CE_COL_AP_IBIASN":             [0.0191,    0.24,   670  ],
        "CE_MAT_AP_IBIAS4SF_DP_IBIASF": [0.38051,  33.30, 10000  ],
        "CE_PMOS_AP_DP_IRESET":         [3.2e-05,   0.00,     2.0],
        "AP_IBIASP_DP_IDB":             [0.0159,    1.79,   450  ],
        "AP_IBIAS3_DP_IBIAS":           [0.1187,   -0.68,  1500  ]
    },
    "VDAC": {
        "AP_SEL0":                      [0.03805,   2.82,  1200  ],
        "AP_SEL1":                      [0.03805,   3.99,  1200  ],
        "AP_VRESET":                    [0.03808,   1.83,  1200  ],
        "CE_VOFFSET_AP_DP_VH":          [0.03805,   1.46,  1200  ],
        "AP_VCASP_MUX0_DP_VCASB":       [0.03801,   2.41,  1200  ],
        "AP_VCASN_MUX1_DP_VCASN":       [0.03804,  -1.22,  1200  ]
    }
}
