{
    "IDAC": {
        "CE_COL_AP_IBIASN":             [ 0.019,    2.69,   680  ],
        "CE_MAT_AP_IBIAS4SF_DP_IBIASF": [0.37960,  28.94,  10880 ],
        "CE_PMOS_AP_DP_IRESET":         [3.2e-05,   0.00,     2.0],
        "AP_IBIASP_DP_IDB":             [0.0159,    0.97,   390  ],
        "AP_IBIAS3_DP_IBIAS":           [0.1197,    7.99,  1600  ]
    },
    "VDAC": {
        "AP_SEL0":                      [0.03806,   3.79,  1200  ],
        "AP_SEL1":                      [0.03807,   1.44,  1200  ],
        "AP_VRESET":                    [0.03801,  -0.32,  1200  ],
        "CE_VOFFSET_AP_DP_VH":          [0.03807,   3.75,  1200  ],
        "AP_VCASP_MUX0_DP_VCASB":       [0.03804,   3.55,  1200  ],
        "AP_VCASN_MUX1_DP_VCASN":       [0.03807,   0.77,  1200  ]
    }
}
