{
    "IDAC": {
        "CE_COL_AP_IBIASN":             [0.0191,    2.58,   670  ],
        "CE_MAT_AP_IBIAS4SF_DP_IBIASF": [0.38089,  27.94, 10000  ],
        "CE_PMOS_AP_DP_IRESET":         [3.2e-05,   0.00,     2.0],
        "AP_IBIASP_DP_IDB":             [0.0159,    1.74,   450  ],
        "AP_IBIAS3_DP_IBIAS":           [0.1193,   16.36,  1200  ]
    },
    "VDAC": {
        "AP_SEL0":                      [0.03805,  -0.33,  1200  ],
        "AP_SEL1":                      [0.03810,   3.25,  1200  ],
        "AP_VRESET":                    [0.03805,   2.26,  1200  ],
        "CE_VOFFSET_AP_DP_VH":          [0.03803,   3.02,  1200  ],
        "AP_VCASP_MUX0_DP_VCASB":       [0.03803,   3.74,  1200  ],
        "AP_VCASN_MUX1_DP_VCASN":       [0.03802,   6.36,  1200  ]
    }
}
