{
    "IDAC": {
        "CE_COL_AP_IBIASN":             [0.0189,    1.12,   660  ],
        "CE_MAT_AP_IBIAS4SF_DP_IBIASF": [0.37994,  74.75,  11000 ],
        "CE_PMOS_AP_DP_IRESET":         [3.2e-05,   0.00,     2.0],
        "AP_IBIASP_DP_IDB":             [0.0159,    0.91,   460  ],
        "AP_IBIAS3_DP_IBIAS":           [0.1193,    1.93,  1800  ]
    },
    "VDAC": {
        "AP_SEL0":                      [0.03807,   1.14,  1200  ],
        "AP_SEL1":                      [0.03808,   1.19,  1200  ],
        "AP_VRESET":                    [0.03805,   5.38,  1200  ],
        "CE_VOFFSET_AP_DP_VH":          [0.03803,   6.52,  1200  ],
        "AP_VCASP_MUX0_DP_VCASB":       [0.03802,   5.42,  1200  ],
        "AP_VCASN_MUX1_DP_VCASN":       [0.03803,   1.13,  1200  ]
    }
}
