{
    "IDAC": {
        "CE_COL_AP_IBIASN":             [0.0190,   -1.16,   680  ],
        "CE_MAT_AP_IBIAS4SF_DP_IBIASF": [0.38010,  48.90,  11100 ],
        "CE_PMOS_AP_DP_IRESET":         [3.2e-05,   0.00,     2.0],
        "AP_IBIASP_DP_IDB":             [0.0159,    1.90,   400  ],
        "AP_IBIAS3_DP_IBIAS":           [0.1194,    4.34,  1675  ]
    },
    "VDAC": {
        "AP_SEL0":                      [0.03801,   3.06,  1200  ],
        "AP_SEL1":                      [0.03805,   3.95,  1200  ],
        "AP_VRESET":                    [0.03808,   0.02,  1200  ],
        "CE_VOFFSET_AP_DP_VH":          [0.03807,   0.29,  1200  ],
        "AP_VCASP_MUX0_DP_VCASB":       [0.03803,   1.08,  1200  ],
        "AP_VCASN_MUX1_DP_VCASN":       [0.03806,   2.59,  1200  ]
    }
}
