{
    "IDAC": {
    	"CE_DACA":                      [6.8e-05,  0.00,     1.6],
    	"CE_DACB":                      [0.00085,  0.06,    18  ],
        "CE_COL_AP_IBIASN":             [0.06836,  4.46,  1200  ],
        "CE_MAT_AP_IBIAS4SF_DP_IBIASF": [0.68472, 39.64, 10000  ],
        "CE_NMOS":                      [0.00068,  0.08,    16  ],
        "CE_PMOS_AP_DP_IRESET":         [0.00551,  0.54,   200  ]
    },
    "VDAC": {
    	"CE_VRESET":                    [0.1773,  16.36,  3260  ],
        "CE_VOFFSET_AP_DP_VH":          [0.06743,   6.6,  1200  ]
    }
}
