{
    "IDAC": {
        "CE_DACA":                      [0.000038, 0.01,     1.7],
        "CE_DACB":                      [0.00048,  0.05,    20  ],
        "CE_COL_AP_IBIASN":             [0.0381,   3.17,  1200  ],
        "CE_MAT_AP_IBIAS4SF_DP_IBIASF": [0.38195,  7.31, 10000  ],
        "CE_NMOS":                      [0.00038,  0.09,    15  ],
        "CE_PMOS_AP_DP_IRESET":         [0.00318, -0.01,   190  ]
    },
    "VDAC": {
        "CE_VRESET":                    [0.09823, 11.92,  3000  ],
        "CE_VOFFSET_AP_DP_VH":          [0.03802,  8.35,  1200  ]
    }
}