{
    "IDAC": {
        "CE_DACA":                      [0.000039,  0.00,     1.7],
        "CE_DACB":                      [0.00049,   0.05,    20  ],
        "CE_COL_AP_IBIASN":             [0.03804,   1.24,  1200  ],
        "CE_MAT_AP_IBIAS4SF_DP_IBIASF": [0.38106,  -0.07, 10000  ],
        "CE_NMOS":                      [0.00038,   0.02,    15  ],
        "CE_PMOS_AP_DP_IRESET":         [0.00319,   0.06,   200  ]
    },
    "VDAC": {
        "CE_VRESET":                    [0.09924,   2.91,  3260  ],
        "CE_VOFFSET_AP_DP_VH":          [0.03798,   9.46,  1200  ]
    }
}
