{
    "IDAC": {
    	"CE_DACA":                      [6.6438e-05,  0.01,     1.66],
    	"CE_DACB":                      [0.00081183,  0.08, 17000   ],
        "CE_COL_AP_IBIASN":             [0.056794,    8.30,  1097   ],
        "CE_MAT_AP_IBIAS4SF_DP_IBIASF": [0.66392,    83.42,  8476   ],
        "CE_NMOS":                      [0.00066263,  0.06,    15   ],
        "CE_PMOS_AP_DP_IRESET":         [0.00555,     0.65,   170   ]
    },
    "VDAC": {
    	"CE_VRESET":                    [0.172,      19.31,  2800   ],
        "CE_VOFFSET_AP_DP_VH":          [0.06766,     9.66,  1200   ]
    }
}
