{
    "IDAC": {
        "CE_DACA":                      [0.000038,  0.01,     1.7],
        "CE_DACB":                      [0.00048,   0.05,    20  ],
        "CE_COL_AP_IBIASN":             [0.03796,   4.78,  1200  ],
        "CE_MAT_AP_IBIAS4SF_DP_IBIASF": [0.38067,  23.49, 10000  ],
        "CE_NMOS":                      [0.00038,   0.04,    14  ],
        "CE_PMOS_AP_DP_IRESET":         [0.00318,   0.37,   200  ]
    },
    "VDAC": {
        "CE_VRESET":                    [0.09821,   15.3,  3300  ],
        "CE_VOFFSET_AP_DP_VH":          [0.03802,   5.69,  1200  ]
    }
}