{
    "IDAC": {
        "CE_MAT_AP_IBIAS4SF_DP_IBIASF": [0.38066, 40.19, 10990],
        "CE_PMOS_AP_DP_IRESET":         [0.0032,  -0.01,    70],
        "AP_IBIASP_DP_IDB":             [0.00812,  0.62,   480],
        "AP_IBIAS4OPA_DP_IBIASN":       [0.00815, -0.11,   330],
        "AP_IBIAS3_DP_IBIAS":           [0.00816,  0.75,   530]
    },
    "VDAC": {
        "AP_VCASN_MUX1_DP_VCASN":       [0.03807,  2.33,  1200],
        "AP_VCASP_MUX0_DP_VCASB":       [0.03802,  1.73,  1200],
        "CE_VOFFSET_AP_DP_VH":          [0.03803,  2.22,  1200]
    }
}
