{
    "IDAC": {
        "CE_MAT_AP_IBIAS4SF_DP_IBIASF": [0.3807,   22.12, 11130],
        "CE_PMOS_AP_DP_IRESET":         [0.0032,    0.04,    70],
        "AP_IBIASP_DP_IDB":             [0.0081,   -0.18,   450],
        "AP_IBIAS4OPA_DP_IBIASN":       [0.0081,    0.85,   330],
        "AP_IBIAS3_DP_IBIAS":           [0.0082,    0.29,   450]
    },
    "VDAC": {
        "AP_VCASN_MUX1_DP_VCASN":       [0.03804,   2.87,  1200],
        "AP_VCASP_MUX0_DP_VCASB":       [0.03800,   1.84,  1200],
        "CE_VOFFSET_AP_DP_VH":          [0.03803,   3.16,  1200]
    }
}
