{
    "IDAC": {
        "CE_MAT_AP_IBIAS4SF_DP_IBIASF": [0.38102, 27.47, 10900],
        "CE_PMOS_AP_DP_IRESET":         [0.0032,   0.10,    70],
        "AP_IBIASP_DP_IDB":             [0.00815,  0.34,   480],
        "AP_IBIAS4OPA_DP_IBIASN":       [0.00811,  0.43,   320],
        "AP_IBIAS3_DP_IBIAS":           [0.00816,  0.99,   530]
    },
    "VDAC": {
        "AP_VCASN_MUX1_DP_VCASN":       [0.03806,  4.75,  1200],
        "AP_VCASP_MUX0_DP_VCASB":       [0.03803,  4.16,  1200],
        "CE_VOFFSET_AP_DP_VH":          [0.03804, -1.96,  1200]
    }
}
