{
    "IDAC": {
        "CE_MAT_AP_IBIAS4SF_DP_IBIASF": [0.38031, 53.33, 10950],
        "CE_PMOS_AP_DP_IRESET":         [0.0032,   0.48,    75],
        "AP_IBIASP_DP_IDB":             [0.00812,  0.97,   490],
        "AP_IBIAS4OPA_DP_IBIASN":       [0.00811,  0.06,   340],
        "AP_IBIAS3_DP_IBIAS":           [0.00814,  0.59,   510]
    },
    "VDAC": {
        "AP_VCASN_MUX1_DP_VCASN":       [0.03816,  1.67,  1200],
        "AP_VCASP_MUX0_DP_VCASB":       [0.03798,  3.89,  1200],
        "CE_VOFFSET_AP_DP_VH":          [0.03813,  3.99,  1200]
    }
}
