{
    "IDAC": {
        "CE_MAT_AP_IBIAS4SF_DP_IBIASF": [0.38080, 21.36, 11150],
        "CE_PMOS_AP_DP_IRESET":         [0.0032,   0.25,    73],
        "AP_IBIASP_DP_IDB":             [0.00811,  0.56,   480],
        "AP_IBIAS4OPA_DP_IBIASN":       [0.00810,  1.07,   330],
        "AP_IBIAS3_DP_IBIAS":           [0.00815,  1.40,   450]
    },
    "VDAC": {
        "AP_VCASN_MUX1_DP_VCASN":       [0.03807,  1.79,  1200],
        "AP_VCASP_MUX0_DP_VCASB":       [0.03804,  5.50,  1200],
        "CE_VOFFSET_AP_DP_VH":          [0.03805, -0.57,  1200]
    }
}
