{
    "IDAC": {
        "CE_MAT_AP_IBIAS4SF_DP_IBIASF": [0.38089, 35.78, 10350],
        "CE_PMOS_AP_DP_IRESET":         [0.0032,   0.41,    70],
        "AP_IBIASP_DP_IDB":             [0.00813,  0.46,   480],
        "AP_IBIAS4OPA_DP_IBIASN":       [0.00818,  1.64,   320],
        "AP_IBIAS3_DP_IBIAS":           [0.00814, -0.28,   530]
    },
    "VDAC": {
        "AP_VCASN_MUX1_DP_VCASN":       [0.03805,  3.89,  1200],
        "AP_VCASP_MUX0_DP_VCASB":       [0.03800,  2.38,  1200],
        "CE_VOFFSET_AP_DP_VH":          [0.03805,  2.87,  1200]
    }
}
