{
    "IDAC": {
        "CE_MAT_AP_IBIAS4SF_DP_IBIASF": [0.38013, 52.44, 11020],
        "CE_PMOS_AP_DP_IRESET":         [0.0032,  -0.16,    70],
        "AP_IBIASP_DP_IDB":             [0.00818,  0.95,   480],
        "AP_IBIAS4OPA_DP_IBIASN":       [0.00819,  0.74,   320],
        "AP_IBIAS3_DP_IBIAS":           [0.00814,  0.76,   530]
    },
    "VDAC": {
        "AP_VCASN_MUX1_DP_VCASN":       [0.03802,  0.77,  1200],
        "AP_VCASP_MUX0_DP_VCASB":       [0.03798,  3.89,  1200],
        "CE_VOFFSET_AP_DP_VH":          [0.03799,  2.26,  1200]
    }
}
