{
    "IDAC": {
        "CE_MAT_AP_IBIAS4SF_DP_IBIASF": [0.38040, -4.76, 10000],
        "CE_PMOS_AP_DP_IRESET":         [0.0032,   0.21,    70],
        "AP_IBIASP_DP_IDB":             [0.00819,  0.17,   480],
        "AP_IBIAS4OPA_DP_IBIASN":       [0.00809,  0.68,   320],
        "AP_IBIAS3_DP_IBIAS":           [0.00809, -0.31,   530]
    },
    "VDAC": {
        "AP_VCASN_MUX1_DP_VCASN":       [0.03812,  4.22,  1200],
        "AP_VCASP_MUX0_DP_VCASB":       [0.03807,  4.05,  1200],
        "CE_VOFFSET_AP_DP_VH":          [0.03803,  3.89,  1200]
    }
}