{
    "IDAC": {
        "CE_MAT_AP_IBIAS4SF_DP_IBIASF": [0.38040, -8.08, 10800],
        "CE_PMOS_AP_DP_IRESET":         [0.0032,   0.16,    70],
        "AP_IBIASP_DP_IDB":             [0.00812,  0.42,   480],
        "AP_IBIAS4OPA_DP_IBIASN":       [0.00804,  0.74,   330],
        "AP_IBIAS3_DP_IBIAS":           [0.00816,  0.16,   530]
    },
    "VDAC": {
        "AP_VCASN_MUX1_DP_VCASN":       [0.03805,  4.18,  1200],
        "AP_VCASP_MUX0_DP_VCASB":       [0.03803,  5.99,  1200],
        "CE_VOFFSET_AP_DP_VH":          [0.03805,  5.80,  1200]
    }
}
