{
    "IDAC": {
        "CE_MAT_AP_IBIAS4SF_DP_IBIASF": [0.37974, 17.23, 10900],
        "CE_PMOS_AP_DP_IRESET":         [0.0032,   0.09,    73],
        "AP_IBIASP_DP_IDB":             [0.00815, -0.44,   490],
        "AP_IBIAS4OPA_DP_IBIASN":       [0.00816,  0.46,   330],
        "AP_IBIAS3_DP_IBIAS":           [0.00816,  0.35,   500]
    },
    "VDAC": {
        "AP_VCASN_MUX1_DP_VCASN":       [0.03814,  5.02,  1200],
        "AP_VCASP_MUX0_DP_VCASB":       [0.03811,  5.11,  1200],
        "CE_VOFFSET_AP_DP_VH":          [0.03810,  2.95,  1200]
    }
}
