{
    "IDAC": {
        "CE_COL_AP_IBIASN":             [0.06876,   3.49, 1200  ],
        "CE_PMOS_AP_DP_IRESET":         [0.000061,  0.00,    2.5],
        "AP_IBIASP_DP_IDB":             [0.0286,    2.67,  400  ],
        "AP_IBIAS3_DP_IBIAS":           [0.05692,   3.11, 2600  ],
        "AP_IBIAS4OPA_DP_IBIASN":       [0.1710,   29.19, 7500  ],
        "CE_MAT_AP_IBIAS4SF_DP_IBIASF": [0.6779,   93.30, 8500  ]
    },
    "VDAC": {
        "AP_SEL0":                      [0.06861,   4.18, 1200  ], 
        "AP_SEL1":                      [0.06901,   4.73, 1200  ],
        "AP_VRESET":                    [0.06809,   6.06, 1200  ],
        "CE_VOFFSET_AP_DP_VH":          [0.06788,   5.50, 1200  ],
        "AP_VCASP_MUX0_DP_VCASB":       [0.06861,   8.06, 1200  ],
        "AP_VCASN_MUX1_DP_VCASN":       [0.06883,   1.88, 1200  ]
    }
}
