{
    "IDAC": {
        "CE_COL_AP_IBIASN":             [0.03795,    2.68,    1250  ],
        "CE_PMOS_AP_DP_IRESET":         [0.000032,  -0.01,       1.2],
        "AP_IBIASP_DP_IDB":             [0.0159,    -0.38,     380  ],
        "AP_IBIAS3_DP_IBIAS":           [0.02102,    2.20,    1200  ],
        "AP_IBIAS4OPA_DP_IBIASN":       [0.09525,   -3.69,    6200  ]
    },
    "VDAC": {
        "AP_SEL0":                      [0.03806,    1.57,    1200  ],
        "AP_SEL1":                      [0.03808,    2.10,    1200  ],
        "AP_VRESET":                    [0.03811,    1.02,    1200  ],
        "CE_VOFFSET_AP_DP_VH":          [0.03811,    0.60,    1200  ],
        "AP_VCASP_MUX0_DP_VCASB":       [0.03807,    5.54,    1200  ],
        "AP_VCASN_MUX1_DP_VCASN":       [0.03808,    1.20,    1200  ] 
    }
}
