{
    "IDAC": {
        "CE_COL_AP_IBIASN":             [0.03915,  -12.90,    1200  ],
        "CE_PMOS_AP_DP_IRESET":         [0.000031,   0.01,       1.2],
        "AP_IBIASP_DP_IDB":             [0.0157,     0.32,     400  ],
        "AP_IBIAS3_DP_IBIAS":           [0.02156,    0.49,    1400  ],
        "AP_IBIAS4OPA_DP_IBIASN":       [0.09542,   15.97,    6200  ]
    },
    "VDAC": {
        "AP_SEL0":                      [0.03804,    4.78,    1200  ],
        "AP_SEL1":                      [0.03812,    5.04,    1200  ],
        "AP_VRESET":                    [0.03811,    1.64,    1200  ],
        "CE_VOFFSET_AP_DP_VH":          [0.03812,    2.56,    1200  ],
        "AP_VCASP_MUX0_DP_VCASB":       [0.03814,    0.07,    1200  ],
        "AP_VCASN_MUX1_DP_VCASN":       [0.03809,    2.49,    1200  ] 
    }
}