{
    "IDAC": {
        "CE_COL_AP_IBIASN":             [0.03854,   -6.41,    1200  ],
        "CE_PMOS_AP_DP_IRESET":         [0.000031,   0.00,       1.2],
        "AP_IBIASP_DP_IDB":             [0.0158,     1.07,     400  ],
        "AP_IBIAS3_DP_IBIAS":           [0.02148,    1.75,    1400  ],
        "AP_IBIAS4OPA_DP_IBIASN":       [0.09545,   14.94,    6200  ]
    },
    "VDAC": {
        "AP_SEL0":                      [0.03807,    0.63,    1200  ],
        "AP_SEL1":                      [0.03805,    4.52,    1200  ],
        "AP_VRESET":                    [0.03811,    2.96,    1200  ],
        "CE_VOFFSET_AP_DP_VH":          [0.03809,    5.04,    1200  ],
        "AP_VCASP_MUX0_DP_VCASB":       [0.03807,    1.31,    1200  ],
        "AP_VCASN_MUX1_DP_VCASN":       [0.03807,    0.34,    1200  ] 
    }
}