{
    "IDAC": {
        "CE_COL_AP_IBIASN":             [0.03797,   -2.09,    1280  ],
        "CE_PMOS_AP_DP_IRESET":         [0.000032,   0.00,       1.2],
        "AP_IBIASP_DP_IDB":             [0.0160,    -0.31,     380  ],
        "AP_IBIAS3_DP_IBIAS":           [0.02109,    1.09,    1200  ],
        "AP_IBIAS4OPA_DP_IBIASN":       [0.09483,    3.03,    6200  ]
    },
    "VDAC": {
        "AP_SEL0":                      [0.03805,    4.52,    1200  ],
        "AP_SEL1":                      [0.03809,   -0.50,    1200  ],
        "AP_VRESET":                    [0.03810,    3.30,    1200  ],
        "CE_VOFFSET_AP_DP_VH":          [0.03806,    5.05,    1200  ],
        "AP_VCASP_MUX0_DP_VCASB":       [0.03805,    2.45,    1200  ],
        "AP_VCASN_MUX1_DP_VCASN":       [0.03808,    2.60,    1200  ] 
    }
}
