{
    "IDAC": {
        "CE_COL_AP_IBIASN":             [0.06807,   5.12, 1200  ],
        "CE_PMOS_AP_DP_IRESET":         [0.000061,  0.00,    2.5],
        "AP_IBIASP_DP_IDB":             [0.0284,    2.83,  400  ],
        "AP_IBIAS3_DP_IBIAS":           [0.05634,   2.67, 2600  ],
        "AP_IBIAS4OPA_DP_IBIASN":       [0.1706,   24.62, 7500  ],
        "CE_MAT_AP_IBIAS4SF_DP_IBIASF": [0.6779,   93.30, 8500  ]
    },
    "VDAC": {
        "AP_SEL0":                      [0.06792,   9.19, 1200  ], 
        "AP_SEL1":                      [0.06815,   4.92, 1200  ],
        "AP_VRESET":                    [0.06783,   3.23, 1200  ],
        "CE_VOFFSET_AP_DP_VH":          [0.06772,   5.68, 1200  ],
        "AP_VCASP_MUX0_DP_VCASB":       [0.06796,   0.81, 1200  ],
        "AP_VCASN_MUX1_DP_VCASN":       [0.06790,   5.34, 1200  ]
    }
}
