{
    "IDAC": {
        "CE_COL_AP_IBIASN":             [0.06762,   4.03, 1300  ],
        "CE_PMOS_AP_DP_IRESET":         [0.000061, -0.02,    2.9],
        "AP_IBIASP_DP_IDB":             [0.0283,    2.75,  400  ],
        "AP_IBIAS3_DP_IBIAS":           [0.05147,   3.39, 2220  ],
        "AP_IBIAS4OPA_DP_IBIASN":       [0.1708,    5.29, 7670  ],
    },
    "VDAC": {
        "AP_SEL0":                      [0.06754,   6.74, 1200  ],
        "AP_SEL1":                      [0.06778,   6.34, 1200  ],
        "AP_VRESET":                    [0.06810,   6.47, 1200  ],
        "CE_VOFFSET_AP_DP_VH":          [0.06787,   6.76, 1200  ],
        "AP_VCASP_MUX0_DP_VCASB":       [0.06826,   9.53, 1200  ],
        "AP_VCASN_MUX1_DP_VCASN":       [0.06797,   4.49, 1200  ]
    }
}
