{
    "IDAC": {
        "CE_COL_AP_IBIASN":             [0.03818,    3.55,    1290  ],
        "CE_PMOS_AP_DP_IRESET":         [0.000032,   0.00,       1.2],
        "AP_IBIASP_DP_IDB":             [0.0159,     2.21,     380  ],
        "AP_IBIAS3_DP_IBIAS":           [0.02103,    0.27,    1200  ],
        "AP_IBIAS4OPA_DP_IBIASN":       [0.09484,    3.47,    6200  ]
    },
    "VDAC": {
        "AP_SEL0":                      [0.03805,    1.96,    1200  ],
        "AP_SEL1":                      [0.03806,    4.59,    1200  ],
        "AP_VRESET":                    [0.03806,   -1.51,    1200  ],
        "CE_VOFFSET_AP_DP_VH":          [0.03803,    3.31,    1200  ],
        "AP_VCASP_MUX0_DP_VCASB":       [0.03801,    0.87,    1200  ],
        "AP_VCASN_MUX1_DP_VCASN":       [0.03805,    6.15,    1200  ] 
    }
}
