{
    "IDAC": {
        "CE_COL_AP_IBIASN":             [0.03769,   -0.73,    1280  ],
        "CE_PMOS_AP_DP_IRESET":         [0.00032,    0.03,      14  ],
        "AP_IBIASP_DP_IDB":             [0.0158,     0.10,     380  ],
        "AP_IBIAS3_DP_IBIAS":           [0.02110,   -0.02,    1200  ],
        "AP_IBIAS4OPA_DP_IBIASN":       [0.09492,   -6.65,    6200  ]
    },
    "VDAC": {
        "AP_SEL0":                      [0.03792,    7.09,    1200  ],
        "AP_SEL1":                      [0.03797,    0.76,    1200  ],
        "AP_VRESET":                    [0.03805,    1.94,    1200  ],
        "CE_VOFFSET_AP_DP_VH":          [0.03802,    9.05,    1200  ],
        "AP_VCASP_MUX0_DP_VCASB":       [0.03805,    4.80,    1200  ],
        "AP_VCASN_MUX1_DP_VCASN":       [0.03804,    6.28,    1200  ] 
    }
}
