{
    "IDAC": {
        "CE_COL_AP_IBIASN":             [0.03686,    2.54,    1200  ], 
        "CE_PMOS_AP_DP_IRESET":         [0.000028,  -0.12,       1.5],
        "AP_IBIASP_DP_IDB":             [0.0159,     1.48,     400  ],
        "AP_IBIAS3_DP_IBIAS":           [0.02155,    1.71,    1360  ],
        "AP_IBIAS4OPA_DP_IBIASN":       [0.09531,    4.21,    6200  ]
    },
    "VDAC": {
        "AP_SEL0":                      [0.03801,    1.18,    1200  ],
        "AP_SEL1":                      [0.03785,    3.81,    1200  ],
        "AP_VRESET":                    [0.03811,    4.30,    1200  ],
        "CE_VOFFSET_AP_DP_VH":          [0.03809,    4.58,    1200  ],
        "AP_VCASP_MUX0_DP_VCASB":       [0.03811,    3.01,    1200  ],
        "AP_VCASN_MUX1_DP_VCASN":       [0.03806,   -3.48,    1200  ] 
    }
}