{
    "IDAC": {
        "CE_COL_AP_IBIASN":             [0.03794,    3.91,    1200  ],
        "CE_PMOS_AP_DP_IRESET":         [0.000031,   0.00,       1.2],
        "AP_IBIASP_DP_IDB":             [0.0159,     1.94,     390  ],
        "AP_IBIAS3_DP_IBIAS":           [0.02107,    0.80,    1200  ],
        "AP_IBIAS4OPA_DP_IBIASN":       [0.09550,   14.07,    6200  ]
    },
    "VDAC": {
        "AP_SEL0":                      [0.03804,    6.83,    1200  ],
        "AP_SEL1":                      [0.03806,    2.80,    1200  ],
        "AP_VRESET":                    [0.03807,   -0.75,    1200  ],
        "CE_VOFFSET_AP_DP_VH":          [0.03809,    1.50,    1200  ],
        "AP_VCASP_MUX0_DP_VCASB":       [0.03805,    5.72,    1200  ],
        "AP_VCASN_MUX1_DP_VCASN":       [0.03807,    0.00,    1200  ] 
    }
}
