{
    "IDAC": {
        "CE_COL_AP_IBIASN":             [0.03804,    1.40,    1270  ],
        "CE_PMOS_AP_DP_IRESET":         [0.000032,  -0.01,       1.2],
        "AP_IBIASP_DP_IDB":             [0.0158,    -0.85,     380  ],
        "AP_IBIAS3_DP_IBIAS":           [0.02110,    1.69,    1200  ],
        "AP_IBIAS4OPA_DP_IBIASN":       [0.09464,    7.63,    6200  ]
    },
    "VDAC": {
        "AP_SEL0":                      [0.03805,   -0.67,    1200  ],
        "AP_SEL1":                      [0.03811,    2.02,    1200  ],
        "AP_VRESET":                    [0.03804,    4.65,    1200  ],
        "CE_VOFFSET_AP_DP_VH":          [0.03803,    5.77,    1200  ],
        "AP_VCASP_MUX0_DP_VCASB":       [0.03800,    3.64,    1200  ],
        "AP_VCASN_MUX1_DP_VCASN":       [0.03805,    0.89,    1200  ] 
    }
}
