{
    "IDAC": {
        "CE_COL_AP_IBIASN":             [0.03792,    4.02,    1290  ],
        "CE_PMOS_AP_DP_IRESET":         [0.000032,   0.00,       1.2],
        "AP_IBIASP_DP_IDB":             [0.0159,     0.55,     380  ],
        "AP_IBIAS3_DP_IBIAS":           [0.02095,    2.20,    1200  ],
        "AP_IBIAS4OPA_DP_IBIASN":       [0.09520,    7.62,    6200  ]
    },
    "VDAC": {
        "AP_SEL0":                      [0.03804,    3.32,    1200  ],
        "AP_SEL1":                      [0.03806,    6.77,    1200  ],
        "AP_VRESET":                    [0.03808,    4.44,    1200  ],
        "CE_VOFFSET_AP_DP_VH":          [0.03805,    2.89,    1200  ],
        "AP_VCASP_MUX0_DP_VCASB":       [0.03802,   -0.01,    1200  ],
        "AP_VCASN_MUX1_DP_VCASN":       [0.03805,    3.55,    1200  ] 
    }
}
