{
    "IDAC": {
        "CE_COL_AP_IBIASN":             [0.03830,    0.66,    1200  ], 
        "CE_PMOS_AP_DP_IRESET":         [0.000031,   0.00,       1.5],
        "AP_IBIASP_DP_IDB":             [0.0158,     0.84,     370  ],
        "AP_IBIAS3_DP_IBIAS":           [0.02079,   -0.06,    1360  ],
        "AP_IBIAS4OPA_DP_IBIASN":       [0.09338,    9.31,    7500  ],
        "CE_MAT_AP_IBIAS4SF_DP_IBIASF": [0.6779,    93.30,    8500  ]
    },
    "VDAC": {
        "AP_SEL0":                      [0.03804,    4.65,    1200  ],
        "AP_SEL1":                      [0.03807,    5.24,    1200  ],
        "AP_VRESET":                    [0.03802,    2.03,    1200  ],
        "CE_VOFFSET_AP_DP_VH":          [0.03799,    6.54,    1200  ],
        "AP_VCASP_MUX0_DP_VCASB":       [0.03796,    5.19,    1200  ],
        "AP_VCASN_MUX1_DP_VCASN":       [0.03799,    5.18,    1200  ] 
    }
}
