{
    "IDAC": {
        "CE_COL_AP_IBIASN":             [0.03766,    5.23,    1200  ], 
        "CE_PMOS_AP_DP_IRESET":         [0.000031,   0.00,       1.5], 
        "AP_IBIASP_DP_IDB":             [0.0158,     0.59,     350  ], 
        "AP_IBIAS3_DP_IBIAS":           [0.02294,    0.35,    1500  ],
        "AP_IBIAS4OPA_DP_IBIASN":       [0.09339,    9.24,    6000  ],
        "CE_MAT_AP_IBIAS4SF_DP_IBIASF": [0.6779,    93.30,    8500  ]
    },
    "VDAC": {
        "AP_SEL0":                      [0.03808,    5.21,    1200  ],
        "AP_SEL1":                      [0.03813,    3.15,    1200  ],
        "AP_VRESET":                    [0.03811,    0.09,    1200  ],
        "CE_VOFFSET_AP_DP_VH":          [0.03808,    0.85,    1200  ],
        "AP_VCASP_MUX0_DP_VCASB":       [0.03808,    3.23,    1200  ],
        "AP_VCASN_MUX1_DP_VCASN":       [0.03811,    3.92,    1200  ] 
    }
}
