{
    "IDAC": {
        "CE_COL_AP_IBIASN":             [0.06731,   7.06, 1300  ],
        "CE_PMOS_AP_DP_IRESET":         [0.000062,  0.00,    2.9],
        "AP_IBIASP_DP_IDB":             [0.0288,    0.91,  400  ],
        "AP_IBIAS3_DP_IBIAS":           [0.05773,   4.07, 2220  ],
        "AP_IBIAS4OPA_DP_IBIASN":       [0.1725,   13.64, 7670  ],
    },
    "VDAC": {
        "AP_SEL0":                      [0.06788,   6.51, 1200  ],
        "AP_SEL1":                      [0.06767,   4.42, 1200  ],
        "AP_VRESET":                    [0.06860,   9.7,  1200  ],
        "CE_VOFFSET_AP_DP_VH":          [0.06845,   6.28, 1200  ],
        "AP_VCASP_MUX0_DP_VCASB":       [0.06890,   8.24, 1200  ],
        "AP_VCASN_MUX1_DP_VCASN":       [0.06867,   4.09, 1200  ]
    }
}
