{
    "IDAC": {
        "CE_COL_AP_IBIASN":             [0.03793,    1.10,    1290  ],
        "CE_PMOS_AP_DP_IRESET":         [0.000032,   0.00,       1.2],
        "AP_IBIASP_DP_IDB":             [0.0158,     1.11,     380  ],
        "AP_IBIAS3_DP_IBIAS":           [0.02103,   -0.21,    1200  ],
        "AP_IBIAS4OPA_DP_IBIASN":       [0.09502,    8.21,    6200  ]
    },
    "VDAC": {
        "AP_SEL0":                      [0.03802,    6.03,    1200  ],
        "AP_SEL1":                      [0.03803,    1.65,    1200  ],
        "AP_VRESET":                    [0.03805,    3.17,    1200  ],
        "CE_VOFFSET_AP_DP_VH":          [0.03800,    4.71,    1200  ],
        "AP_VCASP_MUX0_DP_VCASB":       [0.03802,    2.67,    1200  ],
        "AP_VCASN_MUX1_DP_VCASN":       [0.03803,    3.22,    1200  ] 
    }
}
